Text,Image URL,Tags,Posting Time
"There are cards you can load up purely with USDT using Tron (TRC-20) for $1 fees, and then spend in 200 countries within 5 minutes. That’s borderless money. 🚄🌍 #cryptocard
TRC-20 or ERC-20? Or is Solana taking over? 👇",https://sweepbase.net/tw/cashback_meme_1775669143222.png,#cryptocard,2026-04-10 08:42
"Global multi-currency support on a #cryptocard means you can hold USD, EUR, and GBP alongside BTC and USDC. Move between them to avoid inflation in your local currency. 💱
How bad is inflation in your country right now?",https://sweepbase.net/tw/card_slicing_bills_1775669159401.png,#cryptocard,2026-04-10 18:27
"🛡️ For the multi-chain power users: **OKX Card** offers spending with zero transaction fees and a tiny 0.4% conversion spread. Plus up to 4% instant USDC cashback. Pure efficiency. 🇪🇺 Check sweepbase. #cryptocard
What's the highest exchange fee you've ever paid by mistake?",https://sweepbase.net/tw/bank_vs_crypto_1775669176010.png,#cryptocard,2026-04-11 08:55
"Are you still paying for airport lounge access? Because plenty of premium #cryptocard options give you global Priority Pass access just for holding tier status. ✈️🥂
What’s your favorite airport lounge worldwide?",https://sweepbase.net/tw/airport_lounge_1775669835890.png,#cryptocard,2026-04-11 17:42
"Many people don't know this, but most #cryptocard rewards are tax-free in the US (treated as rebates, not income). Do your own research, but cashback is literally free money. 💰🇺🇸
How confusing are crypto taxes in your jurisdiction?",https://sweepbase.net/tw/tax_shield_1775669854487.png,#cryptocard,2026-04-12 09:38
"Trading memecoins is stressful. Cashing them out directly onto a #cryptocard and buying dinner with 1000x gains is therapeutic. 🧘‍♂️🍲
Have you ever taken profits directly to a Visa card?",https://sweepbase.net/tw/zen_monk_crypto_1775669872583.png,#cryptocard,2026-04-12 18:18
"Getting free Netflix, Spotify, and Amazon Prime just for holding your crypto. TradFi banks charge you monthly fees, Web3 cards pay your subscriptions. We are not the same. 📺🎵 #cryptocard
What's the best perk you've ever had on a card?",https://sweepbase.net/tw/card_slicing_streaming_1775669889014.png,#cryptocard,2026-04-13 09:05
"Wait, you're taking out a personal loan from a bank at 12% APR? 🤯 While you hold $ETH? Just use a crypto-backed #cryptocard credit line. Keep your assets, get instant fiat, pay 0-4% APR. 💸
Have you ever taken a DeFi loan?",https://sweepbase.net/tw/defi_vs_tradfi_loan_1775669905302.png,#cryptocard,2026-04-13 18:37
"""Not your keys, not your coins"" used to mean you couldn't spend them. Not anymore. 🤯 Real self-custody cards let you pay with Visa/Mastercard while keeping your funds on a Ledger or smart contract! #cryptocard
Are you a self-custody maxi or do you use CEX cards?",https://sweepbase.net/tw/ledger_mastercard_1775669921860.png,#cryptocard,2026-04-14 09:13
"The progression of a crypto investor: 
1. Buys on CEX. 
2. Moves to Hardware Wallet. 
3. Discovers DeFi. 
4. Links wallet to a #cryptocard. 
5. Never touches a traditional bank again. 🧬
What stage are you at right now? 👇",https://sweepbase.net/tw/crypto_evolution_1775669936132.png,#cryptocard,2026-04-14 17:33
"Do not overlook the FX markup! A good #cryptocard offers standard Visa/Mastercard rates globally. Poor ones sneak in a 2-3% invisible conversion fee. You could be losing hundreds. 💱🔍
Have you checked your card's conversion spread lately?",https://sweepbase.net/tw/magnifying_glass_terms_1775669949562.png,#cryptocard,2026-04-15 08:48
"Everyday purchases = Auto DCA. 🛒 If you get 2% back in Bitcoin on everything you buy, you are dollar-cost averaging without even thinking about it. #cryptocard
Are you actively DCAing right now?",https://sweepbase.net/tw/shopping_cart_1775670097568.png,#cryptocard,2026-04-15 17:32
"💡 TIP: Never use a #cryptocard that charges high spread on conversion. If they say ""0% fees"" but give you an exchange rate 3% below market, you're getting scammed. 📉 Always check the spread!
Have you been caught by hidden spread fees?",https://sweepbase.net/tw/hidden_spread_fees_1775670111103.png,#cryptocard,2026-04-16 08:46
"The ultimate portfolio hack isn't finding a 100x gem. It's optimizing your daily expenses. By routing your life through a high-cashback #cryptocard, you are earning a risk-free yield on your own existence. 💸
How much of your monthly budget goes through crypto?",https://sweepbase.net/tw/expenses_funnel_1775670126073.png,#cryptocard,2026-04-16 18:26
"Remember when we had to wait 3-5 business days for an international wire transfer? 🐌 Now you just send a stablecoin globally in 2 seconds and the recipient spends it instantly on their #cryptocard. 
Have wire transfers ever delayed a major purchase for you?",https://sweepbase.net/tw/snail_swift_1775670141889.png,#cryptocard,2026-04-17 09:23
"You haven't truly lived until you've bought a McDonald's hash brown using $PEPE coin. 🐸🍟 The magic of a #cryptocard turning memes into breakfast. Only at sweepbase.
What's the weirdest coin you've ever used to buy something?",https://sweepbase.net/tw/pepe_mcdonalds_1775670160600.png,#cryptocard,2026-04-17 17:48
"""Crypto is just internet play money, you can't buy real things with it!"" 
*Taps #cryptocard to buy a car* 🚗💨
What's your ultimate moon purchase?",https://sweepbase.net/tw/chad_sports_car_1775670172991.png,#cryptocard,2026-04-18 09:29
"💳 Need a card connected to liquidity, without losing the yield you earn on DeFi? **Ether.fi Cash Card** lets you borrow against your ETH/USDC without selling. Live on the edge. 🌊 #cryptocard
Would you use your staked ETH as collateral for groceries?","[PROMPT: An Ethereum logo surrounded by yield arrows, fueling a Visa Signature card.]",#cryptocard,2026-04-18 18:09
"""Crypto is too complicated for the average person."" 🗣️ 
No, it's not. If you know how to use a banking app and tap a debit card, you know how to use a modern #cryptocard. The tech is finally invisible. 👻
What's the hardest part about onboarding friends to crypto?",[PROMPT: A grandmother confidently tapping a shiny crypto card at a grocery store checkout.],#cryptocard,2026-04-19 09:29
"""Is this card accepted here?"" Yes. If they take Visa or Mastercard, your #cryptocard works. Merchats don't even know you're paying with Ethereum; they just receive fiat. Seamless. 🎭
Have you ever had to explain crypto to a cashier?",[PROMPT: A split perspective. What the user sees: Sending Ethereum. What the cashier sees: Receiving USD cash.],#cryptocard,2026-04-19 18:06
"Traditional banks hitting you with 3% foreign exchange fees on EVERY transaction abroad? That's robbery. 🛑 Get a #cryptocard with 0% FX fees and spend your stablecoins exactly at the market rate. 
Where is your next travel destination? 🏖️","[PROMPT: A thief wearing a ""3% Bank FX Fee"" mask running away with cash, while a ""0% Crypto FX"" superhero stops him.]",#cryptocard,2026-04-20 09:01
"A traditional bank can block your account on a Friday night, leaving you stranded. A self-custody #cryptocard relies on code, not a grumpy risk-management employee. 🤖
Code is law. Do you agree?","[PROMPT: A lock icon morphing into an open door, with blockchain nodes forming the bridge.]",#cryptocard,2026-04-20 17:43
"Converting fiat is painful. USD to EUR to JPY... just hold a global stablecoin, tap your #cryptocard, and let Visa/Mastercard handle the local conversion instantly. 🌎
Have you ever been scammed by an airport currency exchange?","[PROMPT: An airport currency exchange booth with a sign ""We Rip You Off"", completely empty, while a traveler confidently uses their phone to pay.]",#cryptocard,2026-04-21 08:32
"📈 Want your card balance to grow while it sits there? The **CoinZoom Card** offers up to 5% cashback AND pays you 3.99% APY on your idle card funds. Your money literally never sleeps. 💸 #cryptocard
What APY does your current bank offer?","[PROMPT: A CoinZoom card resting on a bed, while animated coins actively multiply around it.]",#cryptocard,2026-04-21 18:20
"🚀 Tired of giving up control of your crypto just to buy a coffee? With the **1inch Debit Card**, your funds stay on your self-custodial wallet until the second you pay. Plus, up to 2% cashback. 🌍 Check sweepbase! #cryptocard
Ready to go fully non-custodial? 👇","[PROMPT: Split infographic. Red background: ""Normal Cards"" (Funds locked). Green background: ""1inch Card"" (Full self-custody).]",#cryptocard,2026-04-22 09:18
"Bank: ""Why are you sending money to this exchange?!"" 😡
#cryptocard: ""Sir, would you like your 5% cashback in Solana or Ethereum today?"" 🎩✨
Why do traditional banks hate crypto so much?","[PROMPT: The ""Virgin TradFi Bank vs Chad Crypto Card"" meme format.]",#cryptocard,2026-04-22 17:26
"✈️ Free Spotify, Netflix, and VIP airport lounge access. And you don’t even need to stake tokens? The **Bybit Card** gives up to 10% cashback just based on your VIP level. Perfect for nomads. 💳 Check sweepbase! #cryptocard
Are you still paying for your subscriptions with fiat?",[PROMPT: A sleek Bybit card resting on a passport inside a luxury airport lounge.],#cryptocard,2026-04-23 08:21
"Imagine minting an NFT that acts as your actual Swiss bank account. It's not a drill. Some cutting-edge cards are doing exactly this. Mind blown. 🤯 #cryptocard Check sweepbase.
Is NFT identity the future of global banking?",[PROMPT: An NFT digital art piece that slowly transforms into an elegant Swiss debit card.],#cryptocard,2026-04-23 17:29
"🇪🇺 DeFi purists in Europe: **Gnosis Pay** is here. The first Visa connected directly to your Safe smart contract. Zero middlemen, up to 5% $GNO cashback, and direct IBAN integration. 🔐 Check sweepbase! #cryptocard
Can traditional banks compete with this?",[PROMPT: Architectural diagram: Gnosis Safe -> Padlock icon -> Visa Terminal.],#cryptocard,2026-04-24 08:34
"Booking flights and hotels with crypto used to mean waiting for slow, expensive third-party platforms. Now you just type in your #cryptocard number on booking.com and you're done. 🏨
What's the best travel hack you know?","[PROMPT: A beautiful hotel room with a view, and a crypto portfolio app overlaid on the window.]",#cryptocard,2026-04-24 18:35
"The feeling of seeing an instant push notification that you earned $5 in Solana just for buying a pizza. Unmatched. 🍕🔥 #cryptocard
Which blockchain has the fastest settlement for cards?","[PROMPT: A smartphone screen showing a push notification: ""Paid $25 at Joe's Pizza. Earned 0.05 SOL!"".]",#cryptocard,2026-04-25 08:35
"Buying coffee with crypto in 2013: 45 minute wait, 3 network confirmations, anxiety. 😰
Buying coffee with a #cryptocard in 2026: 0.5s tap, instant settlement. We made it, anon. ☕
Are we still early?","[PROMPT: A ""Doge"" looking exhausted in 2013 next to a complex mining rig, vs an ultra-cool ""Swole Doge"" effortlessly tapping a phone in 2026.]",#cryptocard,2026-04-25 18:42
"Don't want exposure to volatile crypto? No problem. Simply load your #cryptocard with $USDC or $USDT. 💵 It acts exactly like a USD bank account but with Web3 perks.
Do you spend stables or volatile assets?",[PROMPT: A shield protecting a stablecoin from a barrage of red and green arrows (market volatility).],#cryptocard,2026-04-26 09:09
"Stablecoin spending tip: Always use low-gas networks. Topping up a card using ERC-20 will cost you $15 in gas. Using Polygon, Solana, or Arbitrum costs pennies. Route efficiently! 🛤️🪙 #cryptocard
What's your go-to network for sending stablecoins?",[PROMPT: A race track showing Ethereum moving like a slow turtle vs Solana/Arbitrum zooming by like supercars.],#cryptocard,2026-04-26 18:31
"The ultimate crypto test: Try paying for your morning commute using your portfolio. A few years ago it was impossible. Today, it takes a single Apple Pay tap with a #cryptocard. 🚇✅
Have you integrated crypto into your 9-to-5 life yet?","[PROMPT: A glowing crypto terminal on a subway turnstile, flashing a green ""Access Granted"".]",#cryptocard,2026-04-27 08:23
"The ultimate travel flex: Paying for a first-class upgrade using the yield generated from your stablecoin staking on your #cryptocard. Your money literally bought the ticket. 🎫💼
Economy, Business, or First Class?","[PROMPT: A sleek airplane seat with a champagne glass, and a push notification: ""Paid with Staking Yield"".

### 🎭 Web3 Culture & Memes (46-55)]",#cryptocard,2026-04-27 18:04
"⚡ **Bitrefill Card** is built for the Bitcoiners. Load up via the Lightning Network instantly and spend in Euros across the EEA with a transparent fee structure. No nonsense. 💶 #cryptocard
How often do you use the Lightning network?","[PROMPT: A yellow lightning bolt striking a digital terminal, instantly converting into Euro coins.]",#cryptocard,2026-04-28 09:03
"Remember when we thought Bitcoin ATMs were the future? 😂 Now you just load an app, tap a virtual #cryptocard, and your grocery store is the ATM. Evolution!
Have you ever actually used a Bitcoin ATM?","[PROMPT: An old, rusty Bitcoin ATM covered in vines, next to a futuristic smartphone projecting a hologram of a crypto card.]",#cryptocard,2026-04-28 18:31
"🔥 8% cashback + 6% APY on your card balance. It’s hard to beat the **COCA Card**. Zero FX fees and MPC security means you keep your yield and spend freely across 14 blockchains. 🚀 Only at sweepbase! #cryptocard
Stables or volatile assets for daily spending?","[PROMPT: 3D Pie chart showing ""6% Yield"" and ""8% Cashback"" with the COCA brand colors.]",#cryptocard,2026-04-29 09:14
"Buying the dip is great, but spending the peak is better. Secure your profits on-chain, move to an instant #cryptocard, and treat yourself. You earned it. 🥩🍷
What was your best crypto purchase ever?",[PROMPT: A fancy steak dinner on a table with a smartphone displaying a green +300% PNL chart.],#cryptocard,2026-04-29 18:22
"Some crypto cards give you up to 7% cashback specifically on hotel bookings and travel expenses. Your bank gives you a branded pen. 🖊️😭 #cryptocard
Are travel points better than raw crypto cashback?","[PROMPT: A sad person looking at a cheap bank-branded pen, contrasted with a happy traveler receiving 7% cashback notifications.]",#cryptocard,2026-04-30 08:47
"Smart contracts are the new checking accounts. Set up a daily spending limit on-chain, attach a virtual #cryptocard, and let the code handle your security. 🔒
Would you trust a smart contract with your monthly budget?",[PROMPT: Code snippets floating holographically around a physical debit card.],#cryptocard,2026-04-30 18:25
"ATM withdrawals used to be the final boss of traveling. With zero-fee international #cryptocard withdrawals, pulling cash locally is finally stress-free. 🏦💸
Do you still carry physical cash when you travel?",[PROMPT: A glowing crypto ATM dispensing local currency with zero fees highlighted in green.],#cryptocard,2026-05-01 08:16
"Earning your salary in crypto is cool until you need to pay rent. The easiest off-ramp? A dedicated #cryptocard equipped with a personal IBAN. Crypto to SEPA in seconds. 🇪🇺
Do you get paid in crypto or fiat?",[PROMPT: A visual pipeline pumping digital tokens into a machine that spits out Euros directly into a landlord's hands.],#cryptocard,2026-05-01 18:42
"No KYC, no problem. Yes, there are virtual #cryptocard options you can set up in 60 seconds with zero identity verification. Load via stablecoins, add to Google Pay, and stay invisible. 🥷 
Do you value privacy over cashback?","[PROMPT: A hacker/cyberpunk-style neon interface showing a virtual card being generated with a ""KYC: Bypassed"" green checkmark.]",#cryptocard,2026-05-02 08:29
"Stop using your bank debit card online. 🛑 If it gets compromised, your entire checking account is gone. Use a prepaid #cryptocard, load only what you need, and isolate your risk. Cybersecurity 101. 🔐
Have you ever had your bank card stolen or cloned?","[PROMPT: A fortress wall protecting a life savings vault, with a tiny, isolated payment bucket outside the wall.]",#cryptocard,2026-05-02 18:42
"Is Apple/Google Pay integration necessary for a #cryptocard? Absolutely. Without it, you are carrying around physical plastic like it's 2010. Demand mobile wallet integration in 2026. 🍏📱
Do you even carry a physical wallet anymore?","[PROMPT: A gravestone with the words ""Physical Leather Wallet 1950 - 2024"".]",#cryptocard,2026-05-03 09:23
"Telegram-native crypto cards are taking over. 📲 Launch a bot, verify instantly, get a virtual #cryptocard, and start spending without ever downloading a new app. The friction is completely gone.
Would you trust a Telegram bot with your banking?",[PROMPT: A futuristic Telegram chat bubble containing a fully interactive Mastercard inside it.],#cryptocard,2026-05-03 17:49
"Getting 10% cashback sounds fake until you realize it's just marketing budget given directly to the users instead of TV ad agencies. Web3 economy wins again. 🤑 #cryptocard
What's the highest cashback you've ever hit?","[PROMPT: A TV with a crossed-out ""Bank Ad"" on the screen, and a person holding a shiny card getting a rain of digital coins.]",#cryptocard,2026-05-04 09:37
"The real metaverse is being able to take your digital wealth anywhere on earth and use it to buy physical experiences. 🏖️🍸 A #cryptocard is the bridge.
Virtual world or physical world: Where do you spend more?",[PROMPT: A VR headset emitting a glowing path that leads to a luxurious real-world beach resort.],#cryptocard,2026-05-04 17:58
"🏝️ If you live out of a suitcase, the **Fizen Card** was built for you. Zero conversion fees on stablecoins and embedded travel discounts for hotels and eSIMs. The digital nomad dream card. 🥥 Check sweepbase. #cryptocard
Where is your favorite place to work remotely?","[PROMPT: A laptop and a cocktail on a tropical beach desk, with a Fizen card booking a discounted flight on the screen.]",#cryptocard,2026-05-05 08:29
"When your friends are arguing about which credit card has the best frequent flyer miles, and you're quietly stacking 8% back in raw $BTC on every transaction. 🤫🔥 #cryptocard
Do you tell your friends about crypto cards or keep the alpha to yourself?","[PROMPT: The ""They don't know"" meme party guy standing in the corner (""They don't know I'm getting 8% cashback in BTC"").]",#cryptocard,2026-05-05 17:52
"The ultimate life hack: Stake your crypto, earn 10%+ APY on the balance, AND spend it using a #cryptocard whenever you want. You literally become your own bank. 🏦 Check sweepbase for the best yielding cards!
Have you tried a yield-bearing debit card yet?","[PROMPT: Infographic showing ""Traditional Bank: 0.1% interest"" vs ""Crypto Card: 10% APY + Spending Power"".]",#cryptocard,2026-05-06 09:10
"Plot twist: The real flippening isn't ETH overtaking BTC. It's #cryptocard usage overtaking traditional banking apps. 📲💳 Check sweepbase to see the data.
Will physical cash exist in 2030? Let’s debate. 👇","[PROMPT: A dramatic chart showing Crypto Card adoption rocketing upward, crossing the declining line of traditional banking.]",#cryptocard,2026-05-06 17:35
"Fed up with big banks asking for a 10-page essay just to explain where your money came from? 🙄 A good #cryptocard respects your privacy and fast-tracks the BS. Your funds, your rules. Check sweepbase for private-centric cards.
Have you ever been interrogated by your bank?","[PROMPT: A frustrated person looking at a giant stack of banking paperwork, while a colorful crypto card shines through a cracked window behind them.]",#cryptocard,2026-05-07 09:13
"Bali, Dubai, Lisbon... The unofficial hubs for Web3 nomads. If you live here, you know a #cryptocard isn't just a novelty, it's a daily necessity for surviving the fiat system. 💻🍍 Check sweepbase to compare top picks.
Which city is the true crypto capital of the world?","[PROMPT: A futuristic cyberpunk skyline blending elements of Dubai, Bali, and Lisbon.]",#cryptocard,2026-05-07 17:15
"Wait, so how does it actually work? 🤨 1) You hold crypto in a wallet. 2) You swipe a #cryptocard at a store. 3) The provider instantly sells the exact amount of crypto for fiat behind the scenes. 4) The merchant gets fiat. It’s seamless. 🌉 Check sweepbase for a full breakdown.
Did you know merchants never actually touch your crypto?","[PROMPT: A clear, minimalist flow diagram: Crypto Wallet -> Lightning fast conversion bubble -> Merchant Cash Register.]",#cryptocard,2026-05-08 08:48
"We are finally entering the era of Multi-Chain Smart Cards. 🧠 A modern #cryptocard can pull USDC from Solana, ETH from Arbitrum, and BTC from your Ledger, all in one swipe. Interoperability is beautiful.
Are you loyal to one chain or a multi-chain maxi?",[PROMPT: A web of glowing colored lines (representing different blockchains) all converging perfectly into a single Visa chip.],#cryptocard,2026-05-08 18:19
"Connect your MetaMask directly to Apple Pay. Sounds like science fiction, but it's happening right now natively on Linea and other chains. 🦊💳 #cryptocard 
Have you used a wallet-connected card yet?","[PROMPT: The iconic MetaMask fox wearing sunglasses, holding a glowing smartphone with an Apple Pay wallet open.]",#cryptocard,2026-05-09 08:37
"Are you a high-volume spender? Watch the ATM limits. Some crypto cards cap you at $200 a month before charging 2% fees, while others let you withdraw $10k+ daily. Know your tier! 🏦🏧 #cryptocard
How often do you withdraw physical cash?","[PROMPT: A warning sign inside an ATM interface showing a ""2% Fee Applied!"" notification.]",#cryptocard,2026-05-09 18:19
"The beauty of Web3 banking: You can create unlimited virtual cards, use them once online, and burn them instantly. Perfect for sketchy subscriptions or free trials. 🗑️🔥 #cryptocard
Have you ever forgotten to cancel a free trial? We all have...",[PROMPT: A virtual card catching fire and dissolving into digital pixels.],#cryptocard,2026-05-10 08:28
"Don't sell your Bitcoin. Borrow against it. 🧠 Some new credit cards let you use your $BTC as collateral without ever selling a single satoshi. No capital gains tax events, just pure spending power. #cryptocard
Would you take a crypto-backed line of credit? Let's hear it!",[PROMPT: A golden Bitcoin logo shining inside a vault with a credit card floating above it.],#cryptocard,2026-05-10 18:35
"Stablecoin maxis, this one is for you. Earning 6% on your USDC while actively spending it at the grocery store is the peak Web3 experience. 🛒🔥 #cryptocard Only at sweepbase you can find the best stablecoin cards.
USDT or USDC? Pick your fighter! 👇",[PROMPT: A glowing USDC coin morphing into a Visa card mid-air.],#cryptocard,2026-05-11 08:53
"Using a #cryptocard isn't just about rewards; it's a protest against a slow, outdated, and exclusionary financial system. You are voting with your transactions. ✊🌍
What is your biggest complaint about the current banking system?","[PROMPT: A crowd of people holding up decentralized finance logos like protest signs in front of a giant, grey central bank.]",#cryptocard,2026-05-11 18:36
"🌐 Imagine a Visa Signature card that never touches your private keys. **Avici Card** supports 40+ tokens across 8 networks. Pay anywhere, auto-convert via DEX. No banking fees. 🛡️ #cryptocard
Big cashback or full self-custody: What do you prefer?","[PROMPT: Black metal Avici card surrounded by glowing neon logos of Solana, Base, and Arbitrum.]",#cryptocard,2026-05-12 09:19
"Centralized exchanges going down won't freeze your lunch money anymore. The rise of self-custodial debit cards means the collapse of a CEX has zero impact on your purchasing power. 🛡️ #cryptocard
Did you lose access to funds during the FTX crash? Let's talk about it. 👇","[PROMPT: A crumbling centralized exchange building in the background, while a person calmly taps a self-custody debit card on a coffee shop terminal in the foreground.]",#cryptocard,2026-05-12 18:32
"A lot of people ask ""Is it centralized if I use a Visa network?"" 🧐 Yes, the final settlement is. But holding custody until the exact millisecond of purchase is a massive leap forward. Progress over perfection. #cryptocard
Are you okay with compromising slightly on decentralization for convenience?","[PROMPT: A spectrum arrow. Extreme left: ""Buried Gold"". Right: ""Bank Account"". Middle: ""Self-Custody Crypto Card"".


### ⭐ Specific Card Highlights (81-100) (Affiliate Highlights)

*(Use these sparingly and rotate them so you don't sound like a shill!)*]",#cryptocard,2026-05-13 08:40
"No more calling your bank to say ""Hey, I'm going to Mexico, please don't block my card."" A decentralized #cryptocard natively belongs to the world. 🌎🌍🌏
Ever been stranded without a working card?","[PROMPT: A person making an angry phone call to a bank, while another person relaxes in a hammock using Apple Pay.]",#cryptocard,2026-05-13 17:34
"🦊 **MetaMask Card** is live for pilot users. Imagine swiping a Mastercard that pulls directly from your Linea wallet. 3% cashback on the Metal tier and zero foreign transaction fees. 💳 #cryptocard
Are you actively using the Linea network yet?",[PROMPT: The MetaMask Fox wearing sunglasses and holding a sleek metal Mastercard.],#cryptocard,2026-05-14 09:02
"Want to spend your crypto without triggering massive capital gains tax events? Look into crypto-backed credit lines. Deposit crypto, spend fiat. #cryptocard 💡 Only at sweepbase can you find the best comparisons.
How do you manage taxes on crypto spending in your country?","[PROMPT: A balancing scale. Left: ""Tax Event (Selling)"". Right: ""0% Tax (Borrowing)"", with the scale tipped heavily toward borrowing.]",#cryptocard,2026-05-14 17:35
"You're still getting 1% cashback in fiat? That’s cute. 😬 Imagine getting paid in Bitcoin every time you buy groceries or a coffee. Sound like a cheat code? It is. #cryptocard 
Which token do you want your cashback in? 👇","[PROMPT: A meme showing a tiny ""1% bank cashback"" vs a giant muscular ""8% crypto cashback"" dog.]",#cryptocard,2026-05-15 09:24
"🥷 Need total privacy? **OffGrid Card** gives you dynamic rotating virtual cards with zero KYC required. Pay anywhere and disappear. The ultimate cypherpunk spending tool. 🕶️ Check sweepbase. #cryptocard
Is privacy the most important feature of crypto?",[PROMPT: A shadowy figure holding a glowing virtual card that is constantly scrambling its numbers.],#cryptocard,2026-05-15 18:22
"Custodial vs Non-Custodial Cards: A quick guide. 📖 Custodial (like Binance/Coinbase) is easier and has better perks. Non-Custodial (like Gnosis/Avici) gives you 100% control of your keys. Choose wisely. #cryptocard
Which side are you on?","[PROMPT: A Boxing match graphic. ""Corner 1: Custodial Convenience"" vs ""Corner 2: Non-Custodial Security"".]",#cryptocard,2026-05-16 08:15
"🌐 Spend crypto anywhere in 170+ countries while stacking a 5% welcome bonus? **Kolo Card** works on Polygon, Arbitrum, and even supports memecoins like $PEPE. 🐸 Only at sweepbase! #cryptocard
Are memecoins the future of daily payments?",[PROMPT: A vibrant Kolo card traveling across a stylized map of the world.],#cryptocard,2026-05-16 18:31
"Me checking my bank account: Depression. 📉
Me checking my #cryptocard app and seeing my staking rewards paid out daily: Euphoria. 🌈
Does watching numbers go up bring you joy?","[PROMPT: The Two Buttons meme. Red button: ""Traditional Bank App"". Blue button: ""Crypto Card App with Yield"". A sweeping hand aggressively hits the blue button.]",#cryptocard,2026-05-17 08:56
"💎 If you want an 8% cashback card that literally comes plated in 24k gold, look at the **KAST Card**. Stablecoin-first spending, high limits, and VIP concierge service. Absolute premium. ✨ Only at sweepbase. #cryptocard
Does the look of the physical card matter to you?","[PROMPT: A stunning, heavy 24-karat gold KAST card reflecting light on a dark marble table.]",#cryptocard,2026-05-17 18:17
"Traditional banking is 9-to-5. Blockchain is 24/7/365. Why is your debit card still clinging to legacy banking hours? Get a #cryptocard and bypass the weekend maintenance windows. ⏳
What's the worst time your bank app has gone ""down for maintenance""?","[PROMPT: A ""Closed for the Weekend"" sign hanging on a bank door, while a glowing crypto terminal next to it reads ""Active 24/7"".]",#cryptocard,2026-05-18 08:17
"Your legacy bank makes billions lending out your deposits, and pays you 0.05%. 🤡 A Web3 #cryptocard pays you 5-10% because YOU are the liquidity provider. Reclaim your yield. 🌾
Why is society okay with banks taking 99% of the yield?","[PROMPT: A bank executive taking a massive piece of pie, handing the user a tiny crumb.]",#cryptocard,2026-05-18 17:29
"🥇 Gold, Silver, Tesla Stock, or Bitcoin... why not pay with all of them? The **Bitpanda Card** lets you spend from any 200+ assets in your portfolio instantly at checkout. 🤯 #cryptocard
Which asset would you spend first?","[PROMPT: A gold bar, an Apple stock certificate, and a Bitcoin morphing together into a debit card.]",#cryptocard,2026-05-19 09:01
"Here is why metal cards exist in Web3: When a startup doesn't have to spend $100M on physical bank branches and thousands of tellers, they can afford to give you a 22-gram solid steel #cryptocard for free. 🏛️🔨
Is a metal card a dealbreaker for you?","[PROMPT: A bulldozer clearing away a traditional bank branch to make room for a giant, beautiful metal card.]",#cryptocard,2026-05-19 17:54
"Tired of providing your passport, utility bill, and blood type just to open an account? The new meta is zero-KYC virtual cards. Instant privacy, global spending. 🕶️ #cryptocard
Is KYC a necessary evil or complete overreach?","[PROMPT: A person tossing a pile of identity documents into a paper shredder, holding up a glowing anonymous crypto card.]",#cryptocard,2026-05-20 08:45
"No more ""Where is your nearest branch?"" Your nearest branch is the smartphone in your pocket. Self-custody + #cryptocard = Complete financial autonomy. 📱🌍
When was the last time you actually stepped inside a physical bank?","[PROMPT: A physical bank branch looking old and dusty, covered in cobwebs, while a bright futuristic smartphone shines in the foreground.

### ✈️ Digital Nomads & Travel (31-45)]",#cryptocard,2026-05-20 17:22
"The ultimate flex isn't a Black Card anymore. It's a #cryptocard connected directly to your Gnosis Safe. Multi-sig security for your grocery runs. 🛡️🔐 
Is multi-sig overkill for daily spending, or completely necessary?",[PROMPT: Three interlocking digital keys opening a vault that contains a glowing Visa terminal.],#cryptocard,2026-05-21 08:45
"🎡 Feel lucky? The **Fold Card** lets you spin a daily wheel to win up to 1 full $BTC on your purchases! The premier Bitcoin-rewards credit card with zero FX fees. 🧡 #cryptocard
Would you spin the roulette wheel on every purchase?","[PROMPT: A neon spinwheel showing percentages of cashback, with a massive ""1 BTC Jackpot"" slice.]",#cryptocard,2026-05-21 18:27
"🌍 **Bit.Store Card** links Web3 to standard payments natively for over 150 countries. Supporting BRC-20 tokens and offering a no-KYC virtual option. Ultimate global access. 📱 Only at sweepbase! #cryptocard
Do you use physical cards or strictly Apple/Google Pay?",[PROMPT: A glowing virtual Bit.Store card hovering over a global map pointing to 150+ pins.],#cryptocard,2026-05-22 08:25
"Cashing out crypto shouldn't feel like a heist. Forget P2P scams and 5-day bank wire delays. Swipe a #cryptocard and your crypto is fiat instantly at the terminal. ⚡
How do you usually off-ramp your gains?","[PROMPT: A side-by-side comparison. Left: ""Old Off-Ramp"" (stressed guy looking at charts & bank holds). Right: ""New Off-Ramp"" (smiling person tapping an Apple Pay terminal).]",#cryptocard,2026-05-22 17:25
"Waking up. Checking charts. Tapping the #cryptocard for an espresso. Surviving the bear market one coffee at a time. ☕🐻
Are you a bear market builder or a bull market tourist?","[PROMPT: A tired-looking trader clutching a coffee cup, with a crypto card glowing faintly in their pocket, surrounded by red candles.


### 🧠 Deep Dives, Tips & Comparisons (56-80)]",#cryptocard,2026-05-23 09:17
"Some #cryptocard options now offer ""Subscription Management"". You can see all your active Netflix, Spotify, and gym memberships stored on-chain and cancel them with one click. 🎯
How much money do you waste on forgotten subscriptions?","[PROMPT: A sleek dashboard showing a list of subscriptions with a giant red ""Cancel All Unused"" button.]",#cryptocard,2026-05-23 17:23
"The best cards give you the option to choose: cashback in $BTC, $ETH, or stablecoins. Market dipping? Earn in stables. Bull run? Stack sats. The ultimate flexibility. 📈🔥 #cryptocard Check sweepbase to find your match.
Which one are you choosing right now?","[PROMPT: A glowing fork in the road. Left path: ""Stables"". Right path: ""BTC/ETH"", with a sleek card floating in the middle.]",#cryptocard,2026-05-24 09:23
"The ""Card Issuance Fee"" scam. 🚩 Stop paying $50 just to get a physical piece of plastic. The market is too competitive. Only use a #cryptocard that offers free virtual AND physical issuance. Check sweepbase!
Did you pay a fee for your current card?","[PROMPT: A red flag waving over a bill that says ""Physical Card Processing Fee: $49.99"".]",#cryptocard,2026-05-24 17:31
"🇺🇸 US Users, this is for you. The **Coinbase Card** lets you swipe your $USDC or even $DOGE at millions of locations, giving up to 4% back in crypto rewards. Easy and reliable. 💰 #cryptocard
Which coin are you selecting for cashback?","[PROMPT: A blue Coinbase card sliding into a payment terminal, dispensing various crypto logos as ""cashback"".]",#cryptocard,2026-05-25 08:31
"Have you noticed how traditional banks randomly freeze your cards when you travel, but a good #cryptocard works seamlessly in 150+ countries? They don’t want you to have freedom. 🌍
Ever had your bank card declined abroad? Let’s hear your horror stories!","[PROMPT: A traditional bank card frozen inside an ice cube next to a vibrant, glowing crypto card.]",#cryptocard,2026-05-25 18:39
"Imagine Visa/Mastercard, but zero middlemen holding your bags. Web3 debit cards are cutting out the custodial risk entirely. You sign the transaction, the terminal gets fiat. Magic. 🪄 #cryptocard
Would you trust a fully decentralized card?","[PROMPT: A visual flow chart. ""You -> Smart Contract -> Terminal"". The ""Bank"" icon is crossed out with a giant red X.]",#cryptocard,2026-05-26 09:15
"You want to pay in euros, but you only have $USDC on Arbitrum. No problem. The right #cryptocard swaps it instantly at checkout for fractions of a cent. Magic internet money is real. 🪄
Which L2 network is your favorite for cheap fees?",[PROMPT: The Arbitrum logo zipping through a fiber-optic cable and emerging out the other side as Euro coins.],#cryptocard,2026-05-26 18:25
"Digital nomads, listen up! Landing in a new country, opening your wallet, and using a #cryptocard funded with $USDT instantly without looking for a currency exchange booth is peak freedom. 🌍✈️ Check sweepbase for the best nomad cards!
What country are you currently working from?","[PROMPT: Someone sitting on a beach with a laptop, effortlessly tapping a crypto card on a waiter's payment terminal.]",#cryptocard,2026-05-27 08:36
"Have you ever tried to open a local bank account as a foreigner? The bureaucracy is a nightmare. Skip the paperwork. A global #cryptocard works 150+ countries out of the box. 📦🌍
What's the hardest country to get a bank account in?","[PROMPT: A giant mountain of paperwork required to open a bank account, vs a single frictionless crypto card.]",#cryptocard,2026-05-27 17:48
"💰 **Nexo Card** brings the dual-mode revolution. Switch between ""Debit"" (spend your balance) and ""Credit"" (borrow against crypto) instantly in the app. Earn up to 2% cashback either way. 📊 #cryptocard
Do you prefer debit or credit for your daily spending?","[PROMPT: A toggle switch in an app UI flipping from ""Debit Mode"" to ""Credit Mode"", unlocking cashback coins.]",#cryptocard,2026-05-28 09:22
"Some #cryptocard options out there are giving up to 8% cashback. 🤯 If you spend $2,000 a month, that's $160 in free crypto every 30 days. Let your money make you money.
Would you rather have 8% in volatile crypto or 2% in stablecoins? 👇",[PROMPT: A glowing calculator showing $160 monthly passive income next to a premium metal card.],#cryptocard,2026-05-28 18:32
"Metal cards just hit different. Throwing down a 22-gram stainless steel #cryptocard on the table to pay the bill is the ultimate subtle flex. 💪✨
Plastic, Metal, or just Apple Pay? What's your style?","[PROMPT: A high-quality macro shot of a heavy, laser-engraved metal card hitting a wooden restaurant table, creating a slight spark.

### 🥷 Privacy & Self-Custody (16-30)]",#cryptocard,2026-05-29 09:09
"💳 8% cashback on all purchases. Sounds like a scam? For **Binance Card** users, it’s just Tuesday. Directly linked to your exchange account with zero issuance fees. Only at sweepbase. 📈 #cryptocard
What is your current VIP tier on Binance?",[PROMPT: Bar chart. Bank: 1-2%. Binance Card: Huge glowing yellow 8%.],#cryptocard,2026-05-29 17:42
"Earning a living internationally? Receiving international wires costs $30. Receiving USDT costs $1. Swipe it instantly on your card. Global payroll solved. 💼🌐 #cryptocard
Freelancers, how do you receive global payments?",[PROMPT: A visual pipeline: Freelancer -> USDT -> Crypto Card -> Groceries. Zero friction.],#cryptocard,2026-05-30 08:33
"Do you have a large crypto following? Look into #cryptocard affiliate programs. Some pay you 10-20% of the trading fees of anyone who signs up using your card link. Build passive income. 🤝💸
Are you utilizing affiliate networks?","[PROMPT: A flowchart showing ""Your Link -> Friend Signs Up -> You Get Passive Fees"".]",#cryptocard,2026-05-30 17:15
"Beware the ""Weekend FX markup"". Legacy banks charge you an extra 1% if you buy things abroad on a Sunday because markets are closed. Blockchain is 24/7. ⏳ #cryptocard
Did you know about the weekend banking scam?","[PROMPT: A sign on a traditional bank saying ""Weekend Surcharge: 1%"", crossed out with red paint.]",#cryptocard,2026-05-31 08:28
"Euro spenders: Always use a card that natively settles in EUR if you are actively traveling heavily in the EEA. Double conversion (Crypto -> USD -> EUR) will eat exactly 1.5% of your bags. 💶 #cryptocard
Are you optimizing your currency routes?","[PROMPT: An infographic showing the ""Double Conversion Trap"" vs a direct ""Crypto to Euro"" bridge.]",#cryptocard,2026-05-31 17:30
"Coinbase Card vs Binance Card? 🤔 Coinbase gives you flexibility in the US, but Binance Card hits you with up to 8% cashback globally. Which giant are you rolling with? #cryptocard
Both have zero issuance fees. Check sweepbase for the full breakdown.","[PROMPT: A stylized boxing ring. In one corner, a glowing blue card (Coinbase style); in the other, a bright yellow card (Binance style).]",#cryptocard,2026-06-01 08:31
"Debit mode vs Credit mode on Nexo. Debit spends your stablecoins. Credit borrows against your BTC so you don't trigger a tax event. The ultimate toggle switch. 🎚️ #cryptocard
How do you structure your daily spending?","[PROMPT: A mechanical switch. ""Left: Sell Crypto"". ""Right: Borrow Fiat"". Hand is pushing it to the right.]",#cryptocard,2026-06-01 17:17
"Some #cryptocard platforms cap your rewards at $50/month. Always read the fine print! The best cards have unlimited cashback or very high monthly ceilings ($500+). 🛑💸
Have you ever hit a cashback monthly limit?",[PROMPT: A glass ceiling shattering as glowing Bitcoin cashback bursts through it.],#cryptocard,2026-06-02 08:58
"Plutus Card offers perks like Aldi, Lidl, and Tesco rebates for EU residents. Earning crypto just for buying cheap groceries natively is the ultimate bear market survival tactic. 🛒🐻 #cryptocard
Do you shop at discount supermarkets?","[PROMPT: A shopping cart filled with generic brand groceries, radiating an aura of premium crypto wealth.]",#cryptocard,2026-06-02 17:30
"Groceries are boring. Earning $10 in Ethereum while buying groceries is exciting. It completely gamifies your daily financial existence. 🥦💰 #cryptocard
Has earning crypto changed your spending habits?","[PROMPT: A stylized video game UI overlaying a real-life supermarket aisle, showing ""+10 ETH XP"" floating up.]",#cryptocard,2026-06-03 09:23
"""I don't trust stablecoins, I only hold Bitcoin."" That’s fine! Some #cryptocard apps offer 3-5% APY directly on your raw BTC holdings while keeping it available for card spending. Stack sats passively. 🟧⚡
Are you yielding your Bitcoin or keeping it cold?","[PROMPT: A large physical Bitcoin resting on a pedestal, emitting a soft, warm glow of passive interest.]",#cryptocard,2026-06-03 18:18
"Traditional banks hide a sneaky 2-3% markup on the exchange rate, then charge you a ""$5 foreign transaction fee"" on top. Stop getting scammed. Good crypto cards use pure Visa rates. 🛑 #cryptocard
Check sweepbase for true 0% FX cards!","[PROMPT: A bank contract with invisible ink being revealed by a blacklight, showing hidden fees.]",#cryptocard,2026-06-04 08:48
"Don't be the guy at the group dinner asking if the restaurant takes foreign bank cards. Just throw down the metal #cryptocard and let the Visa/Mastercard network do the heavy lifting in 180 countries. 🍽️
Who usually pays the bill in your group?","[PROMPT: A glowing card hitting a restaurant tray, creating a shockwave.]",#cryptocard,2026-06-04 18:44
"Thailand, Bali, Portugal. If you are swiping your home country's bank card here, you are losing hundreds of dollars a month to conversion spread. Switch to stablecoins. 🏝️💸 #cryptocard
What's the worst FX rate you've ever paid?",[PROMPT: A digital nomad looking shocked at an ATM receipt on a beautiful Thai beach.],#cryptocard,2026-06-05 09:13
"Using local food delivery apps in Asia or LatAm? Hook up a virtual #cryptocard. No foreign transaction blocks, pure stablecoin off-ramping. 🍜🛵
What's your favorite foreign food delivery app?","[PROMPT: A futuristic delivery scooter carrying noodles, with a crypto payment confirmation popping up above it.]",#cryptocard,2026-06-05 17:58
"The ultimate yield-spending loop: 
Earn salary -> Stake USDC at 8% -> Earn 2% cashback via #cryptocard -> Re-stake the cashback. Compounding loops are the secret to Web3 wealth. ♾️💸
Are you exploiting the compounding loop?","[PROMPT: A glowing infinity symbol made of digital coins, continuously feeding into a Visa card and looping back.]",#cryptocard,2026-06-06 09:04
"OKX Card or Bybit Card? 🇪🇺 Both are massive in Europe right now. Bybit ties rewards to VIP levels without staking, OKX offers zero FX fees and tiny conversion spread. ⚖️ #cryptocard
Which ecosystem feels stickier?",[PROMPT: A balanced scale showing a black card (OKX) on one side and a gold/black card (Bybit) on the other.],#cryptocard,2026-06-06 17:26
"Why does your checking account pay 0.01% APY when a #cryptocard wallet can pay 5-10%? Because banks steal your yield. Keep it in stablecoins, earn the yield, spend via card. 🩸🏦
Are you still holding cash in a traditional checking account?","[PROMPT: A vampire (banker) sucking the life out of a 5% yield bag, leaving only a 0.01% drop.]",#cryptocard,2026-06-07 08:19
"Stablecoins are the ultimate FX hedge. If you live in a country with heavy currency inflation, load up a #cryptocard in USDC, and spend it locally. You beat inflation instantly. 🛡️
Has crypto protected your purchasing power?","[PROMPT: A shield made of USDC deflecting arrows labeled ""Inflation"" and ""Devaluation"".]",#cryptocard,2026-06-07 17:26
"""I use my credit card for the fraud protection."" Good news: Most top-tier Visa/Mastercard #cryptocard options carry the exact same Zero Liability fraud protection as legacy banks. Safety first. 🛡️
Have you ever done a chargeback on a crypto purchase?","[PROMPT: A glowing Visa shield blocking a hacker's grasping hands.

### 📈 APY & Passive Yield (176-200)]",#cryptocard,2026-06-08 08:41
"Virtual vs Physical. 90% of crypto users only use Apple/Google Pay now. Do you even need the physical #cryptocard anymore, or is it just a novelty? 📱💳
When was the last time you swiped plastic?","[PROMPT: A graveyard showing a tombstone labeled ""Physical Plastic"" with a glowing smartphone rising above it.]",#cryptocard,2026-06-08 18:41
"Are you paying for a premium travel card just to avoid FX fees? Many basic tier #cryptocard options offer 0% FX fees with zero annual fee. ✈️ Cancel the bank plastic. 
How much is your bank card's annual fee?",[PROMPT: Scissors cutting a premium traditional credit card in half.],#cryptocard,2026-06-09 09:06
"A 4% cashback in a coin that dumps 50% overnight is actually a 2% cashback. Always choose cards that let you earn rewards in USDT, USDC, or immediately convert to stables! 💵📉 #cryptocard
Do you hold your reward tokens or dump them instantly?","[PROMPT: An animated coin graph dropping rapidly, caught safely in a ""USDC Parachute"".]",#cryptocard,2026-06-09 17:39
"The magic of Daily Payouts. Traditional banks pay you interest once a month. Good #cryptocard platforms pay you your yield every 24 hours. You can literally watch your spending power grow daily. 🌅💰
Do daily payouts motivate you to save more?",[PROMPT: A timelapse visual: A small plant on a card growing a new golden leaf every single sunrise.],#cryptocard,2026-06-10 09:42
"The beauty of receiving your cashback daily: You can instantly re-stake those rewards into a DeFi protocol to earn APY on your cashback. Compounding interest is the 8th wonder of the world. 🌍🔁 #cryptocard
Do you compound or cash out your rewards?","[PROMPT: A snowball rolling down a hill made of charts, gathering more and more crypto coins as it goes.]",#cryptocard,2026-06-10 18:28
"How to beat the travel tax: 1. Hold USDC. 2. Connect to an OKX or Binance card. 3. Swipe normally. The interbank exchange rate is applied instantly. 🛡️ #cryptocard
What's your travel card setup?","[PROMPT: A checklist with green checkmarks next to ""Hold USDC"", ""0% FX Card"", ""Travel the World"".]",#cryptocard,2026-06-11 09:06
"Imagine walking into a store and the coffee costs $4. But because your wallet generated $5 in yield overnight, the coffee was mathematically free. #cryptocard ☕✨
Has your passive income ever covered your daily expenses?","[PROMPT: A receipt for a $4 coffee that shows a discount applied: ""Covered by overnight yield = $0.00"".]",#cryptocard,2026-06-11 17:48
"Paying for a wedding with a #cryptocard. $30,000 expense = $600 to $1,500 back in Bitcoin. You literally financed your honeymoon with the cashback. 👰✈️ Check sweepbase for high limit cards!
What's the largest single swipe you've ever done?","[PROMPT: A wedding cake with a Bitcoin logo topper, and a plane ticket sticking out of the side.]",#cryptocard,2026-06-12 09:31
"Don't fall for ""Up to 10% cashback!"" marketing if it requires you to invite 50 friends and hold a worthless token. Always compare the baseline Tier 0 rewards. 🚩🤡 #cryptocard
What is the best flat-rate entry card?","[PROMPT: A clown holding a giant ""10%"" balloon that is full of holes and deflating rapidly.]",#cryptocard,2026-06-12 18:30
"If you’re not earning at least 1-2% on your daily spending in 2026, you are losing money to inflation. A basic #cryptocard is no longer a luxury, it's financial defense. 🛡️🛡️
What's your minimum acceptable cashback rate?","[PROMPT: A shield protecting a wallet from a dark storm cloud raining ""Inflation Drops"".]",#cryptocard,2026-06-13 09:07
"Brighty Card in the EU is quietly offering high yield on stablecoins directly tied to your daily spending card. Europeans finally have a defense against inflation. 🇪🇺🛡️ #cryptocard Check sweepbase.
What is the inflation rate in your country today?",[PROMPT: A European flag waving proudly over a vault completely stuffed with glowing digital euros and yield percentages.],#cryptocard,2026-06-13 17:56
"""I'm scared of smart contract risk."" That is a valid fear. If you want yield + a #cryptocard, stick to top 5 audited platforms or custodial giants with insurance funds. Don't risk your rent money on unproven protocols. 🛡️🛑
What's the safest platform in your opinion?","[PROMPT: A heavily reinforced digital bunker with multiple ""Audited by CertiK"" style stamps of approval.]",#cryptocard,2026-06-14 09:05
"Some cards even refund your foreign ATM withdrawal fees! When the local ATM charges you $6, the #cryptocard reimburses it in native tokens. Incredible. 💰 Check sweepbase for options!
Has an ATM ever swallowed your card?","[PROMPT: An ATM spitting out a ""Fee"" receipt, which disintegrates into green digital cashback particles.]",#cryptocard,2026-06-14 17:59
"Yield generating self-custody cards? Yes. You can hold Lido Staked ETH (stETH) in your wallet, earn the daily rebase yield, and the #cryptocard directly spends the underlying value. 💧🥩
Are you holding liquid staking tokens?",[PROMPT: A glowing Ethereum logo melting into liquid droplets that funnel directly onto an NFC payment terminal.],#cryptocard,2026-06-15 08:21
"Gnosis Pay vs MetaMask Card. The EU Web3 giants. Gnosis links straight to a Safe multi-sig. MetaMask pulls directly from Linea. The ultimate battle for decentralized spending. 🦊🏦 #cryptocard
Which L2 integration wins?",[PROMPT: A robotic fox (MetaMask) looking across a glowing bridge towards a digital fortress (Gnosis Safe).],#cryptocard,2026-06-15 17:38
"Bitpanda Card vs Nexo Card? Bitpanda lets you literally spend Tesla stock and Gold at Starbucks. Nexo lets you spend a credit line backed by your BTC. 📈 #cryptocard Only at sweepbase.
Stocks or collateralized loans?",[PROMPT: A coffee cup on a table next to a physical block of gold and a stock ticker screen.],#cryptocard,2026-06-16 09:23
"The Netflix/Spotify rebate is the best Web3 gimmick. You stake their token, they give you $15 a month in crypto to cover your subscriptions. Free music, free movies. 🎵📺 #cryptocard
Are you getting subscription rebates?",[PROMPT: A person watching Netflix on a TV while a crypto token printer hums in the background.],#cryptocard,2026-06-16 17:37
"Let's talk ATM limits. An international ATM will charge you $5. Your crypto card shouldn't charge you another 2% on top. Look for cards with at least $1000/mo free ATM limits. 🏧🌍 #cryptocard
Do you even withdraw physical cash anymore?",[PROMPT: A glowing holographic ATM dispensing foreign currency without any fee warnings.],#cryptocard,2026-06-17 08:39
"The Nexo dual mode is insane. Move your assets to the credit wallet, earn up to 16% on some tokens, borrow against them at 0%, and swipe the card. It's a financial fortress. 🏰🔥 #cryptocard
Are you utilizing collateralized borrowing yet?",[PROMPT: A heavily armored medieval fortress powered by glowing crypto algorithms.],#cryptocard,2026-06-17 18:45
"Digital nomads in tax havens: A self-custody crypto card ensures you aren't needlessly routing money through high-tax jurisdictions just to pay rent. Keep it on-chain and local. 🌴📑 #cryptocard
Do you consider tax laws when choosing where to travel?","[PROMPT: A hammock on a tropical island with a laptop showing a ""0% Tax"" dashboard.]",#cryptocard,2026-06-18 08:21
"Direct IBAN integration: The holy grail. Cards like Gnosis Pay give you your own EU bank account number, merging Web3 directly into the legacy rails without banking interfaces. 🎯 #cryptocard
Do you need an IBAN with your crypto card?",[PROMPT: A bridge connecting a futuristic crypto city and a classic European banking district.],#cryptocard,2026-06-18 18:40
"Buying a coffee in Tokyo using Ethereum staked in Europe... and the merchant gets Yen instantly with zero markup. This is the financial future we were promised. ☕🇯🇵 #cryptocard
What was your coolest cross-border purchase?","[PROMPT: A cyber-samurai drinking coffee, paying via a glowing Ethereum terminal.]",#cryptocard,2026-06-19 08:44
"Virtual card limits. Some platforms let you spawn 5 virtual cards and assign different cashback categories to each, then link them all to Apple Pay. The ultimate optimization. 📱🍏 #cryptocard
Do you organize your cards by category?","[PROMPT: A phone screen showing 5 different colored virtual cards fanned out, each labeled ""Food"", ""Travel"", ""Gas"", etc.]",#cryptocard,2026-06-19 17:53
"The absolute best setup in 2026: Salary direct deposits into Fiat -> Auto-convert to USDC -> Deposit into a 6% Yield wallet -> Connected directly to your #cryptocard. Fully automated wealth building. ⚙️💵
Is your financial setup automated?","[PROMPT: A steampunk-style machine with gears labeled ""Salary"", ""Yield"", and ""Spending"" all turning in perfect synchrony.]",#cryptocard,2026-06-20 08:43
"Some cards let you boost your cashback category. Choose 5% on groceries one month, 5% on travel the next. Dynamic rewards tailored to how you actually live. 🎯🛒 #cryptocard
What category do you spend the most on?","[PROMPT: A spinning dial showing ""Groceries"", ""Gas"", ""Travel"", locking onto a golden ""5%"" slot.]",#cryptocard,2026-06-20 17:59
"Don't underestimate the power of instant notifications. When you swipe abroad, you see the exact USD/EUR equivalent of your crypto instantly on your screen. Total transparency. 📱🔍 #cryptocard
Do you compulsively check your spending app?","[PROMPT: A phone screen showing a push notification with exact exchange rates: ""Spent 500 THB. Deducted 14.2 USDC"".]",#cryptocard,2026-06-21 08:39
"Say goodbye to the ""Travel Notice"". You don't need to call a bank administrator in another timezone to beg them to unblock your card in Vietnam. Your keys, your rules. 🇻🇳🔓 #cryptocard
Ever had your card blocked trying to buy dinner?",[PROMPT: A broken chain link lying next to a shiny digital debit card.],#cryptocard,2026-06-21 17:42
"Getting 5% cashback on foreign hotel bookings simply by using top-tier crypto cards is free money. Book flights, earn crypto, fly again. The ultimate loop. ✈️🔄 #cryptocard
Where's your dream vacation?","[PROMPT: An infinity symbol made out of airplanes, luggage, and crypto symbols.]",#cryptocard,2026-06-22 09:04
"Imagine using the APY from your Bitcoin stack to pay off your monthly Netflix and Spotify. You retain your BTC, and the passive ecosystem pays your bills. 🧘‍♂️📺 #cryptocard Check sweepbase.
What bill do you want your yield to cover?","[PROMPT: A glowing Bitcoin levitating, shooting a small laser beam that vaporizes a physical Netflix bill.]",#cryptocard,2026-06-22 18:04
"Plutus Card vs Curve + Crypto? Plutus gives you perks without giving up your private keys to an exchange. Curve abstracts it all. Both are powerful tools for the UK/EU. 🇬🇧🇪🇺 #cryptocard
What's your daily driver?","[PROMPT: Two futuristic debit cards clashing like lightsabers, sparking digital crypto coins.]",#cryptocard,2026-06-23 08:43
"""I prefer my travel credit card for the miles."" Sure, but 2-5% instant crypto cashback usually mathematically beats points that devalue every year. 🧮✈️ #cryptocard
Do you track the value of your airline miles?","[PROMPT: A chart showing airline miles depreciating in value over time, while crypto cashback arrows point up.]",#cryptocard,2026-06-23 17:22
"Have you noticed some crypto cards say ""0% FX fee"" but their spread on selling Bitcoin to Fiat is 2%? 📉 Always fund with Stablecoins when traveling to bypass crypto spread entirely. #cryptocard
USDC or USDT abroad?","[PROMPT: A trap door labeled ""2% Spread"" with a user carefully stepping over it using a ""USDC"" stepping stone.]",#cryptocard,2026-06-24 09:13
"Tier systems make you stick to one exchange. If you are deeply embedded in Bybit or OKX, it mathematically makes sense to use their #cryptocard to compound your VIP status. 🔗🏛️
Are you loyal to one CEX or bounce around?",[PROMPT: A golden VIP crown sitting on top of an OKX and Bybit terminal.],#cryptocard,2026-06-24 18:19
"Apple Pay vs Google Pay integration. It sounds simple, but 30% of new crypto cards STILL don't have Apple Pay on day 1. Total dealbreaker for mobile nomads. 🍏 #cryptocard
Are you an iOS or Android spender?","[PROMPT: A standoff between the Apple logo and the Android logo, both holding virtual payment cards.]",#cryptocard,2026-06-25 08:22
"Yield generated on standard bank accounts is heavily taxed in many jurisdictions. Depending on your country, holding growth-focused yield tokens on a non-custodial #cryptocard might be much more efficient. ⚖️📑
Consult your local tax professional!",[PROMPT: An umbrella (growth tokens) shielding a user's savings from a heavy rainstorm of taxes.],#cryptocard,2026-06-25 17:27
"High Cashback vs High Privacy. You usually can't have both. 8% cashback requires KYC and holding custodial tokens. Total privacy (OffGrid Card) means slightly higher fees but anonymity. 🥷 #cryptocard
Which pill are you taking?","[PROMPT: Two pills Matrix-style. Red Pill: ""8% Cashback"". Blue Pill: ""Total Privacy"".]",#cryptocard,2026-06-26 08:18
"Maximize rewards by paying your rent/mortgage with a #cryptocard. Even at 1%, earning cashback on a $2,000 monthly expense is $240 a year for doing nothing. 🏠💰 Check sweepbase!
Can you pay rent with a card in your country?",[PROMPT: A house wrapped in a giant ribbon made of crypto logos and dollar signs.],#cryptocard,2026-06-26 17:18
"High yield usually means high risk. If a platform is offering 20% APY on stablecoins attached to a debit card, read the fine print. How are they generating it? DeFi lending or risky leverage? 🔍⚠️ #cryptocard
Always do your own research!","[PROMPT: A warning sign flashing neon red over a suspiciously large ""20% APY"" billboard.]",#cryptocard,2026-06-27 09:24
"Let's talk Stablecoins: USDT on TRC-20 vs USDC on Arbitrum. Which network do you prefer to fund your #cryptocard? 🚄
Tron is cheap, but L2s are catching up fast.","[PROMPT: Two race cars on a track. One green (USDT), one blue (USDC), drifting through a corner.]",#cryptocard,2026-06-27 18:33
"What happens if your native reward token goes 10x? Your 2% cashback from last year just effectively became 20% cashback. That’s the beauty of earning in Web3. 🚀📈 #cryptocard
Has your cashback ever pumped significantly?","[PROMPT: A small seedling labeled ""2% Payout"" instantly erupting into a giant glowing money tree.]",#cryptocard,2026-06-28 09:20
"Stop withdrawing $1000 at the airport just in case. Just tap to pay everywhere. A good #cryptocard covers you for 95% of your international trip directly. 🌍
Are you a raw cash carrier or tap-to-pay only?",[PROMPT: A thick wallet exploding with heavy foreign coins vs a minimalist phone wallet.],#cryptocard,2026-06-28 18:19
"Custodial (Binance) vs Non-custodial (1inch/Avici). Custodial is free and fast, but your keys are held. Non-custodial costs gas but you are sovereign. 🛡️ #cryptocard
Is convenience worth giving up your keys?",[PROMPT: A visually split image: Left is a bank vault door; Right is a glowing personal safe holding a smart contract.],#cryptocard,2026-06-29 09:19
"We are moving towards a future where your wallet address acts as your bank, your broker, your savings account, and your debit card. The #cryptocard in your pocket is just the key to the ecosystem. 🌐🔑
Are you prepared for the fully tokenized future?","[PROMPT: A glowing, glowing digital key unlocking a futuristic, utopian city that runs entirely on decentralized finance.]",#cryptocard,2026-06-29 17:29
"The real comparison: Your portfolio's value vs your bank's value. If 90% of your net worth is on-chain, why is 100% of your spending off-chain? Bridge the gap. 🌉 #cryptocard
Are you unbanked yet?","[PROMPT: A pie chart. ""Net Worth: On-chain"", ""Spending: Off-chain"". Next to it, an arrow showing them merging.

### 💱 FX Fees & Global Travel (126-150)]",#cryptocard,2026-06-30 09:29
"BipTap vs Extsy Card: The anonymous battle. Virtual, zero KYC, global acceptance. Just fund it and disappear into the digital ocean. 🥷💳 #cryptocard
Do you trust zero KYC providers?","[PROMPT: A dark cyber-alley with a neon sign reading ""No KYC"", and an anonymous figure walking through.]",#cryptocard,2026-06-30 17:59
"Using a virtual #cryptocard loaded onto Google Pay is the ultimate travel hack. You can literally create a new card per country and isolate your spending to avoid fraud. 🥷🌍
Have you had a card skimmed at an airport?","[PROMPT: A digital map of the world, with different colored virtual cards hovering over different continents.]",#cryptocard,2026-07-01 08:48
"The Bybit Card drops special 10% cashback promo days randomly. You buy a TV on Tuesday? 2%. You wait for the promo on Friday? 10%. Timing the market, but for your shopping. ⏱️📺 #cryptocard
Do you wait for promos to make big purchases?","[PROMPT: A calendar with a random Friday glowing aggressively in gold, labeled ""10% Promo Drop"".]",#cryptocard,2026-07-01 17:43
"Remember: If an exchange gets hacked while you’re abroad, custodial cards go down. Non-custodial cards tied to your Ledger keep working. Travel safe. 🛡️🎒 #cryptocard
Custodial or Non-custodial for traveling?","[PROMPT: A traveler wearing a backpack with a glowing forcefield (representing non-custodial security).

### 🤑 Maximizing Cashback & Tier Systems (151-175)]",#cryptocard,2026-07-02 08:31
"Centralized yield (Binance) vs DeFi yield (Ether.fi Cash). One yields via backend exchange liquidity, the other yields natively on Ethereum while you hold the card. 💧 #cryptocard Check sweepbase.
Trad-Crypto vs Pure DeFi?","[PROMPT: A skyscraper with a Binance logo vs a floating, decentralized island pumping out Ethereum yield.]",#cryptocard,2026-07-02 18:12
"Staking stablecoins on your #cryptocard platform is essentially acting as a market maker for their exchange. They use your liquidity, you get a massive cut of the fees. It's a symbiotic relationship. 🤝🏦
Do you understand where your yield comes from?","[PROMPT: Two hands shaking: One is a normal consumer, the other is a glowing holographic network representing exchange liquidity.]",#cryptocard,2026-07-03 09:05
"With the right #cryptocard, you are effectively running a micro-hedge fund out of your pocket. Yield farming on the backend, spending fiat on the frontend. Complete abstraction. 🧑‍💼📱
Do you feel like a fund manager in Web3?","[PROMPT: A person wearing casual clothes looking at their phone, but their shadow is cast as a high-powered Wall Street executive.]",#cryptocard,2026-07-03 17:34
"Best card for US residents? The options are shrinking but the survivors are getting stronger. Coinbase, Fold, and BitPay are holding down the fort. 🦅🇺🇸 #cryptocard Check sweepbase.
Why is the US so strict on card issuance?",[PROMPT: A bald eagle clutching a sleek metal crypto debit card in its talons.],#cryptocard,2026-07-04 08:46
"Don't leave your Binance Card or Crypto.сom Card empty. Even if you only keep a $500 balance, the internal APY usually destroys the inflation rate. Every dollar should be working. 💼💦 #cryptocard
Have you checked your idle balances lately?","[PROMPT: A drill sergeant yelling at a bunch of lazy, sleeping dollar bills to wake up and start working.]",#cryptocard,2026-07-04 17:15
"European heavyweights: Holyheld vs Brighty Card. Both target the EU market with sleek apps and fast SEPA integration. Brighty offers up to 7%+ yield on tied accounts. 🇪🇺💶 #cryptocard
Who is winning the EU?",[PROMPT: A map of Europe glowing with interconnected payment nodes.],#cryptocard,2026-07-05 08:28
"Why carry multiple currency wallets when a multi-chain #cryptocard automatically deducts the cheapest stablecoin you have? AI-level routing for your vacation. 🧠🛣️
Do you balance multiple stablecoins or just one?",[PROMPT: A glowing AI brain routing different digital coins efficiently through a network.],#cryptocard,2026-07-05 18:44
"Kolo Card vs Bit.Store Card for pure memecoin spending! Both accept massive numbers of niche tokens globally. Why sell PEPE when you can just tap your card? 🐸🔥 #cryptocard
Do you actually spend memecoins?","[PROMPT: Pepe and Doge high-fiving over a restaurant bill, with a glowing terminal between them.]",#cryptocard,2026-07-06 08:43
"Travel benefits: Fizen Card vs Bybit Card. Fizen gives you direct eSIM and hotel hotel discounts. Bybit gives you raw Priority Pass lounge access. 🏝️✈️ #cryptocard
Are you a nomad or just on vacation?","[PROMPT: A suitcase packed with a laptop, a Bybit card, a Fizen card, and a pair of sunglasses on a beach.]",#cryptocard,2026-07-06 17:30
"Fiat Bank Debit vs Web3 Crypto Debit. 
Bank: 0% cashback, 3% extra FX fee, funds locked randomly.
Web3: 5% cashback, 0% FX fee, self-sovereign. 🧠 #cryptocard
Why does anyone still use legacy debit?","[PROMPT: A dinosaur trying to use a traditional plastic bank card at an ATM, next to a cyborg tapping a smartphone.]",#cryptocard,2026-07-07 09:27
"Spend-to-Earn games? Nah. Spend-to-DCA is the real meta. Earning a fixed 2% back in Bitcoin perfectly smooths out market volatility while you buy groceries. 🛒📈 #cryptocard
What's your DCA strategy?",[PROMPT: A chart showing market volatility being smoothed into a straight upward DCA line by a shopping cart.],#cryptocard,2026-07-07 18:34
"Are you grinding for 8% cashback? Don't forget the math. Locking up $100k in exchange tokens for 8% is risky. Sometimes the 3% free tier mathematically wins in a bear market. 🧮📉 #cryptocard
Are you staked for high tiers?",[PROMPT: A complex math equation on a chalkboard converting staked token volatility vs cashback earned.],#cryptocard,2026-07-08 09:08
"If a TradFi bank offered 8% APY on a checking account, there would be lines around the block. Web3 cards offer this daily, and the masses still ignore it. We are so early. ⏳🚶‍♂️ #cryptocard
Why are normal people so afraid of stablecoin yield?","[PROMPT: A massive queue of people standing outside a dull grey bank, entirely ignoring a futuristic, glowing 8% APY crypto terminal right next to them.]",#cryptocard,2026-07-08 17:40
"If you are staking $10,000 to get a 5% cashback tier, calculate your break-even point. If you spend $2,000 a month, it takes months to regain the staking lockup risk. Do the math! 🧮📉 #cryptocard
Staking for tiers: Worth it or trap?","[PROMPT: A complex mathematical breakdown showing the exact timeline for returning a $10,000 staked investment via 5% cashback.]",#cryptocard,2026-07-09 09:03
"Warning: ""Earn up to 12% APY"" usually implies locking up funds for 3 months. Always check if the #cryptocard allows ""Flexible Yield"" so you can still spend your balance immediately! 🔓💳
Do you prefer locked high yield or flexible lower yield?","[PROMPT: A padlock glowing intensely red (Locked 12%) vs an open, flowing blue gateway (Flexible 5%).]",#cryptocard,2026-07-09 18:09
"Fractional reserve banking means banks lend out your money 10x over and give you nothing. Fully collateralized #cryptocard platforms keep 1:1 reserves and pay you the majority of the lending yield. Vote with your money. 🗳️🏦
Is traditional banking a scam? Let's hear it.","[PROMPT: A transparent, crystal-clear vault showing exactly 1:1 backed funds, contrasted with a shadowy, closed bank vault.]",#cryptocard,2026-07-10 08:28
"Don't let high foreign transaction fees wipe out your cashback! A 3% cashback means nothing if the card charges a 3% FX fee abroad. Net zero. Find cards that offer both! ⚖️✈️ #cryptocard
Are you tracking your net real rewards?",[PROMPT: An equation on a whiteboard: (3% Cashback) - (3% FX Fee) = Giant Red Zero.],#cryptocard,2026-07-10 17:16
"Paying for business expenses with a crypto card is the ultimate hack. Run $10k of server costs through an 8% #cryptocard and pocket $800 in personal crypto every month. 🏢💻
Do you run business expenses through your personal cards?",[PROMPT: A server rack emitting digital coins that funnel directly into a sleek metal business card.],#cryptocard,2026-07-11 08:38
"Remember that cashback is a volume game. Don't overspend just to earn 3% back. A good #cryptocard rewards your existing lifestyle, it doesn't encourage lifestyle inflation. 🧠🛑
Are you guilty of spending just to earn rewards?","[PROMPT: A monk sitting peacefully on a pile of cash, resisting the urge to buy a fancy car in the background.]",#cryptocard,2026-07-11 18:03
"The Crypto.сom Visa was the original flex, but is the staking tier still worth it in 2026? Compared to the Nexo Card that pays you yield on the collateral, the gap is closing. 🧐 #cryptocard
Are you a CRO holder?","[PROMPT: A rusty, majestic crown (Crypto.com) being challenged by a futuristic glowing wand (Nexo).]",#cryptocard,2026-07-12 08:29
"Earning 10% APY on USDC means a $10,000 balance generates $1,000 a year. Imagine your #cryptocard essentially paying for your phone bill and gym membership just for existing. passive income. 🏋️‍♂️📱
How much passive income are you aiming for?",[PROMPT: A glowing energy core (USDC) passively printing dollar bills into a smartphone and a gym bag.],#cryptocard,2026-07-12 17:57
"Be careful with ""cashback paid in native tokens"". If the card company goes bankrupt, your unredeemed rewards go to zero. Always withdraw your rewards from the card app to a cold wallet! 🥶🛡️ #cryptocard
How often do you sweep your rewards?",[PROMPT: A digital vacuum cleaner sucking digital coins out of a smartphone app and securing them inside a metal vault.],#cryptocard,2026-07-13 08:55
"CoinZoom Card actually pays you 3.99% APY on the idle funds sitting on your debit card. It’s a high-yield savings account that you can swipe at McDonald's. Unbelievable. 🍔💸 #cryptocard
Does your current debit card pay you interest?","[PROMPT: A sleek metal card resting on a plush pillow, calmly radiating floating interest percentage signs.]",#cryptocard,2026-07-13 17:48
"Combining merchant rewards: Some crypto cards offer their base 2% PLUS an extra 10% if you shop at specific stores like Nike or Starbucks. Stack your yield. ☕👟 #cryptocard
Are you a reward stacker?","[PROMPT: Stacking colorful blocks. Base Block: ""2% Visa"", Middle Block: ""10% Nike"", Top Block: ""Total Win"".]",#cryptocard,2026-07-14 09:23
"Coinbase Card (US) vs BitPay Card (US). Coinbase natively integrates with the ecosystem, but BitPay is the OG for straight Bitcoin spending. 🇺🇸🇺🇸 #cryptocard
What is your go-to US card?",[PROMPT: An American flag background with two sleek payment terminals facing each other.],#cryptocard,2026-07-14 17:32
"Earning 5% yield mathematically beats a 5% cashback over a long enough time horizon if you hold a high balance. If you have $50k, the yield destroys the cashback. 🧮💰 #cryptocard
High balance approach vs high spending approach: Which are you?","[PROMPT: A tortoise (Yield on high balance) racing a hare (Cashback on high spending), with the tortoise slowly winning.]",#cryptocard,2026-07-15 09:24
"Some platforms require you to convert to their native token to get the highest yield. Be careful! A 15% APY is useless if the token drops 20% in value. Sticking to Stablecoin yield is safer for card spenders. 🛡️📉 #cryptocard
Do you chase high APY or safe APY?","[PROMPT: A treacherous mountain climb. One path is super steep and crumbling (15% Altcoin yield), the other is a steady, paved ramp (6% Stablecoin yield).]",#cryptocard,2026-07-15 18:28
"The most underrated travel flex: Treating a local friend to dinner and explaining that the meal is effectively free because it was paid for entirely by your Ethereum staking yield. 🥩🍷 #cryptocard
Do you tell people you pay with crypto?","[PROMPT: Two friends toasting with wine glasses, a glowing Ethereum logo hovering over the paid bill.]",#cryptocard,2026-07-16 08:34
"Paying taxes with a #cryptocard. Yes, some countries allow tax payments via debit. Imagine earning 2% crypto cashback on your massive tax bill. The government literally pays you back. 🤯🏛️
Is paying taxes via card allowed where you live?",[PROMPT: A government tax building returning a handful of Bitcoin to a smiling taxpayer.],#cryptocard,2026-07-16 18:43
"Fold Card vs traditional airline rewards cards. Earning air miles is cool, but earning a spinning wheel that can literally pay out a whole Bitcoin? Unmatched alpha. 🎰 #cryptocard
Do you prefer fixed rewards or lottery mechanics?",[PROMPT: A traditional boring airline ticket vs a glowing Bitcoin roulette wheel.],#cryptocard,2026-07-17 08:46
"Did you know holding $EURT or $EURS stablecoins can also earn yield? You don’t have to take USD currency risk to get Web3 APY. Load your #cryptocard in Euros and earn natively. 🇪🇺💶
Do you prefer USD or EUR stablecoins?","[PROMPT: A glowing Euro symbol surrounded by a protective energy shield, deflecting dollar sign bullets.]",#cryptocard,2026-07-17 17:40
"The moment you land off a 12-hour flight, tap your phone to pay the taxi in local currency using your $SOL bags. No exchange booths, no getting ripped off. 🚕💨 #cryptocard Only at sweepbase.
What's the best airport in the world?","[PROMPT: A taxi driver holding up an NFC terminal, a traveler tapping it with a glowing Solana phone.]",#cryptocard,2026-07-18 08:45
"Metal Cards: Crypto.сom Obsidian vs KAST Gold. Both command respect natively. Obsidian requires massive staking, KAST requires stablecoin spending volume. ✨ #cryptocard Check sweepbase.
Does the weight of the card matter?","[PROMPT: Two insanely premium metal cards resting on velvet, reflecting neon lighting.]",#cryptocard,2026-07-18 17:20
